"data_type_code";"version_id";"description";"length";"anchor";"owl_gen"
"-";7;"withdrawn";;;0
"-";8;"withdrawn";;;0
"-";9;"withdrawn";;;0
"-";10;"withdrawn";;;0
"-";61;"withdrawn";;;0
"-";81;"withdrawn";;;0
"-";91;"withdrawn";;;0
"-";92;"withdrawn";;;0
"-";540;"withdrawn";;;0
"AD";1;"ADDRESS";0;;0
"AD";2;"ADDRESS";0;;0
"AD";3;"address";0;;0
"AD";4;"Address";0;"ch2fin.html#Heading22";0
"AD";5;"Address";;;0
"AD";6;"Address";;"ch02A.html#Heading3";0
"AD";7;"Address";;"ch02a.html#Heading3";0
"AD";8;"Address";;"ch02a.html#Heading3";0
"AD";9;"Address";;"ch02a.html#Heading3";0
"AD";10;"AD";;"ch02A.html#Heading322";0
"AD";60;"Address";;"ch02A.html#Heading3";0
"AD";61;"Address";;"ch02a.html#Heading3";0
"AD";81;"Address";;"ch02a.html#Heading3";0
"AD";91;"Address";;"ch02a.html#Heading3";0
"AD";92;"Address";;"ch02a.html#Heading3";0
"AUI";4;"authorization information";;;0
"AUI";5;"authorization information";;;0
"AUI";6;"Authorization Information";;"ch02A.html#Heading13";0
"AUI";7;"Authorization Information";;"ch02a.html#Heading13";0
"AUI";8;"Authorization Information";;"ch02a.html#Heading13";0
"AUI";9;"Authorization Information";;"ch02a.html#Heading13";0
"AUI";10;"AUI";;"ch02A.html#Heading331";0
"AUI";60;"Authorization Information";;"ch02A.html#Heading13";0
"AUI";61;"Authorization Information";;"ch02a.html#Heading13";0
"AUI";81;"Authorization Information";;"ch02a.html#Heading11";0
"AUI";91;"Authorization Information";;"ch02a.html#Heading13";0
"AUI";92;"Authorization Information";;"ch02a.html#Heading13";0
"CCD";4;"charge time";;;0
"CCD";5;"charge time";;;0
"CCD";6;"Charge Code and Date";;"ch02A.html#Heading18";0
"CCD";7;"Charge Code and Date";;"ch02a.html#Heading18";0
"CCD";8;"Charge Code and Date";;"ch02a.html#Heading18";0
"CCD";9;"Charge Code and Date";;"ch02a.html#Heading18";0
"CCD";10;"CCD";;"ch02A.html#Heading335";0
"CCD";60;"Charge Code and Date";;"ch02A.html#Heading18";0
"CCD";61;"Charge Code and Date";;"ch02a.html#Heading18";0
"CCD";81;"Charge Code and Date";;"ch02a.html#Heading15";0
"CCD";91;"Charge Code and Date";;"ch02a.html#Heading18";0
"CCD";92;"Charge Code and Date";;"ch02a.html#Heading18";0
"CCP";4;"calibration parameters";;;0
"CCP";5;"calibration parameters";;;0
"CCP";6;"Channel Calibration Parameters";;"ch02A.html#Heading22";0
"CCP";7;"Channel Calibration Parameters";;"ch02a.html#Heading22";0
"CCP";8;"Channel Calibration Parameters";;"ch02a.html#Heading22";0
"CCP";9;"Channel Calibration Parameters";;"ch02a.html#Heading22";0
"CCP";10;"CCP";;"ch02A.html#Heading338";0
"CCP";60;"Channel Calibration Parameters";;"ch02A.html#Heading22";0
"CCP";61;"Channel Calibration Parameters";;"ch02a.html#Heading22";0
"CCP";81;"Channel Calibration Parameters";;"ch02a.html#Heading18";0
"CCP";91;"Channel Calibration Parameters";;"ch02a.html#Heading22";0
"CCP";92;"Channel Calibration Parameters";;"ch02a.html#Heading22";0
"CD";3;"channel definition";0;;0
"CD";4;"Channel definition";0;"ch2fin.html#Heading32";0
"CD";5;"Channel definition";;;0
"CD";6;"Channel Definition";;"ch02A.html#Heading27";0
"CD";7;"Channel Definition";;"ch02a.html#Heading27";0
"CD";8;"Channel Definition";;"ch02a.html#Heading27";0
"CD";9;"Channel Definition";;"ch02a.html#Heading27";0
"CD";10;"CD";;"ch02A.html#Heading342";0
"CD";60;"Channel Definition";;"ch02A.html#Heading27";0
"CD";61;"Channel Definition";;"ch02a.html#Heading27";0
"CD";81;"Channel Definition";;"ch02a.html#Heading22";0
"CD";91;"Channel Definition";;"ch02a.html#Heading27";0
"CD";92;"Channel Definition";;"ch02a.html#Heading27";0
"CE";1;"CODED ELEMENT";0;;0
"CE";2;"CODED ELEMENT";0;;0
"CE";3;"CODED ELEMENT";0;;0
"CE";4;"Coded element";0;"ch2fin.html#Heading33";0
"CE";5;"Coded element";;;0
"CE";6;"Coded Element";;"ch02A.html#Heading34";0
"CE";7;"Coded Element";;"ch02a.html#Heading35";1
"CE";20;"Coded elements";;;0
"CE";60;"Coded Element";;"ch02A.html#Heading34";0
"CE";61;"Coded Element";;"ch02a.html#Heading34";0
"CE";540;"Coded Element";;;0
"CE";630;"Coded Element";;;0
"CF";2;"CODED ELEMENT WITH FORMATTED VALUES";0;;0
"CF";3;"coded element with formatted values";0;;0
"CF";4;"Coded element with formatted values";0;"ch2fin.html#Heading38";0
"CF";5;"Coded element with formatted values";;;0
"CF";6;"Coded Element with Formatted Values";;"ch02A.html#Heading42";0
"CF";7;"Coded Element with Formatted Values";;"ch02a.html#Heading36";0
"CF";8;"Coded Element with Formatted Values";;"ch02a.html#Heading36";0
"CF";9;"Coded Element with Formatted Values";;"ch02a.html#Heading36";0
"CF";10;"CF";;"ch02A.html#Heading350";0
"CF";60;"Coded Element with Formatted Values";;"ch02A.html#Heading42";0
"CF";61;"Coded Element with Formatted Values";;"ch02a.html#Heading42";0
"CF";81;"Coded Element with Formatted Values";;"ch02a.html#Heading30";0
"CF";91;"Coded Element with Formatted Values";;"ch02a.html#Heading36";0
"CF";92;"Coded Element with Formatted Values";;"ch02a.html#Heading36";0
"CK";1;"COMPOSITE ID W/CHK DIGIT";0;;0
"CK";2;"COMPOSITE ID W/CHK DIGIT";0;;0
"CK";3;"composite ID with check digit";0;;0
"CK";4;"Composite ID with check digit";0;"ch2fin.html#Heading39";0
"CK";5;"Composite ID with check digit";;;0
"CM";1;"COMPOSITE";0;;0
"CM";2;"COMPOSITE";0;;0
"CM";3;"COMPOSITE";;;0
"CN";1;"COMPOSITE ID AND NAME";0;;0
"CN";2;"COMPOSITE ID AND NAME";0;;0
"CN";3;"composite ID number and name";0;;0
"CN";4;"Composite ID number and name";0;"ch2fin.html#Heading45";0
"CN";5;"Composite ID number and name";;;0
"CNE";4;"Coded with no exceptions";0;"ch2fin.html#Heading55";0
"CNE";5;"Coded with no exceptions";;;0
"CNE";6;"Coded with No Exceptions";;"ch02A.html#Heading50";0
"CNE";7;"Coded with No Exceptions";;"ch02a.html#Heading44";1
"CNE";8;"Coded with No Exceptions";;"ch02a.html#Heading60";0
"CNE";9;"Coded with No Exceptions";;"ch02a.html#Heading60";0
"CNE";10;"CNE";;"ch02A.html#Heading373";0
"CNE";60;"Coded with No Exceptions";;"ch02A.html#Heading50";0
"CNE";61;"Coded with No Exceptions";;"ch02a.html#Heading50";0
"CNE";81;"Coded with No Exceptions";;"ch02a.html#Heading53";0
"CNE";91;"Coded with No Exceptions";;"ch02a.html#Heading60";0
"CNE";92;"Coded with No Exceptions";;"ch02a.html#Heading60";0
"CNN";5;"Composite ID number and Name simplified";;;0
"CNN";6;"Composite ID Number and Name Simplified";;"ch02A.html#Heading61";0
"CNN";7;"Composite ID Number and Name Simplified";;"ch02a.html#Heading55";0
"CNN";8;"Composite ID Number and Name Simplified";;"ch02a.html#Heading84";0
"CNN";9;"Composite ID Number and Name Simplified";;"ch02a.html#Heading84";0
"CNN";10;"CNN";;"ch02A.html#Heading396";0
"CNN";60;"Composite ID Number and Name Simplified";;"ch02A.html#Heading61";0
"CNN";61;"Composite ID Number and Name Simplified";;"ch02a.html#Heading61";0
"CNN";81;"Composite ID Number and Name Simplified";;"ch02a.html#Heading76";0
"CNN";91;"Composite ID Number and Name Simplified";;"ch02a.html#Heading84";0
"CNN";92;"Composite ID Number and Name Simplified";;"ch02a.html#Heading84";0
"CNS";4;"Composite ID number and Name simplified";;;0
"CP";3;"composite price";0;;0
"CP";4;"Composite price";0;"ch2fin.html#Heading63";0
"CP";5;"Composite price";;;0
"CP";6;"Composite Price";;"ch02A.html#Heading74";0
"CP";7;"Composite Price";;"ch02a.html#Heading68";0
"CP";8;"Composite Price";;"ch02a.html#Heading97";0
"CP";9;"Composite Price";;"ch02a.html#Heading97";0
"CP";10;"CP";;"ch02A.html#Heading408";0
"CP";60;"Composite Price";;"ch02A.html#Heading74";0
"CP";61;"Composite Price";;"ch02a.html#Heading74";0
"CP";81;"Composite Price";;"ch02a.html#Heading88";0
"CP";91;"Composite Price";;"ch02a.html#Heading97";0
"CP";92;"Composite Price";;"ch02a.html#Heading97";0
"CQ";1;"COMPOSITE QUANTITY/UNITS";0;;0
"CQ";2;"COMPOSITE QUANTITY WITH UNITS";0;;0
"CQ";3;"composite quantity with units";0;;0
"CQ";4;"Composite quantity with units";0;"ch2fin.html#Heading70";0
"CQ";5;"Composite quantity with units";;;0
"CQ";6;"Composite Quantity with Units";;"ch02A.html#Heading82";0
"CQ";7;"Composite Quantity with Units";;"ch02a.html#Heading76";0
"CQ";8;"Composite Quantity with Units";;"ch02a.html#Heading105";0
"CQ";9;"Composite Quantity with Units";;"ch02a.html#Heading105";0
"CQ";10;"CQ";;"ch02A.html#Heading415";0
"CQ";60;"Composite Quantity with Units";;"ch02A.html#Heading82";0
"CQ";61;"Composite Quantity with Units";;"ch02a.html#Heading82";0
"CQ";81;"Composite Quantity with Units";;"ch02a.html#Heading95";0
"CQ";91;"Composite Quantity with Units";;"ch02a.html#Heading105";0
"CQ";92;"Composite Quantity with Units";;"ch02a.html#Heading105";0
"CSU";4;"channel sensitivity units";;;0
"CSU";5;"channel sensitivity units";;;0
"CSU";6;"Channel Sensitivity";;"ch02A.html#Heading86";0
"CSU";7;"Channel Sensitivity and Units";;"ch02a.html#Heading80";0
"CSU";8;"Channel Sensitivity and Units";;"ch02a.html#Heading109";0
"CSU";9;"Channel Sensitivity and Units";;"ch02a.html#Heading109";0
"CSU";10;"CSU";;"ch02A.html#Heading418";0
"CSU";60;"Channel Sensitivity";;"ch02A.html#Heading86";0
"CSU";61;"Channel Sensitivity";;"ch02a.html#Heading86";0
"CSU";81;"Channel Sensitivity and Units";;"ch02a.html#Heading98";0
"CSU";91;"Channel Sensitivity and Units";;"ch02a.html#Heading109";0
"CSU";92;"Channel Sensitivity and Units";;"ch02a.html#Heading109";0
"CWE";4;"Coded with exceptions";0;"ch2fin.html#Heading73";0
"CWE";5;"Coded with exceptions";;;0
"CWE";6;"Coded with Exceptions";;"ch02A.html#Heading95";0
"CWE";7;"Coded with Exceptions";;"ch02a.html#Heading89";1
"CWE";8;"Coded with Exceptions";;"ch02a.html#Heading134";0
"CWE";9;"Coded with Exceptions";;"ch02a.html#Heading134";0
"CWE";10;"CWE";;"ch02A.html#Heading442";0
"CWE";60;"Coded with Exceptions";;"ch02A.html#Heading95";0
"CWE";61;"Coded with Exceptions";;"ch02a.html#Heading95";0
"CWE";81;"Coded with Exceptions";;"ch02a.html#Heading122";0
"CWE";91;"Coded with Exceptions";;"ch02a.html#Heading134";0
"CWE";92;"Coded with Exceptions";;"ch02a.html#Heading134";0
"CWE";630;"Coded with Exceptions";;;0
"CX";3;"extended composite ID with check digit";0;;0
"CX";4;"Extended composite ID with check digit";0;"ch2fin.html#Heading82";0
"CX";5;"Extended composite ID with check digit";;;0
"CX";6;"Extended Composite ID with Check Digit";;"ch02A.html#Heading106";0
"CX";7;"Extended Composite ID with Check Digit";;"ch02a.html#Heading100";1
"CX";8;"Extended Composite ID with Check Digit";;"ch02a.html#Heading158";0
"CX";9;"Extended Composite ID with Check Digit";;"ch02a.html#Heading158";0
"CX";10;"CX";;"ch02A.html#Heading465";0
"CX";60;"Extended Composite ID with Check Digit";;"ch02A.html#Heading106";0
"CX";61;"Extended Composite ID with Check Digit";;"ch02a.html#Heading106";0
"CX";81;"Extended Composite ID with Check Digit";;"ch02a.html#Heading145";0
"CX";91;"Extended Composite ID with Check Digit";;"ch02a.html#Heading158";0
"CX";92;"Extended Composite ID with Check Digit";;"ch02a.html#Heading158";0
"CX";530;"Extended Composite ID with Check Digit";;;0
"CX";630;;;;0
"DDI";4;"daily deductible";;;0
"DDI";5;"daily deductible";;;0
"DDI";6;"Daily Deductible Information";;"ch02A.html#Heading118";0
"DDI";7;"Daily Deductible Information";;"ch02a.html#Heading112";0
"DDI";8;"Daily Deductible Information";;"ch02a.html#Heading172";0
"DDI";9;"Daily Deductible Information";;"ch02a.html#Heading172";0
"DDI";10;"DDI";;"ch02A.html#Heading478";0
"DDI";60;"Daily Deductible Information";;"ch02A.html#Heading118";0
"DDI";61;"Daily Deductible Information";;"ch02a.html#Heading118";0
"DDI";81;"Daily Deductible Information";;"ch02a.html#Heading158";0
"DDI";91;"Daily Deductible Information";;"ch02a.html#Heading172";0
"DDI";92;"Daily Deductible Information";;"ch02a.html#Heading172";0
"DIN";4;"activation date";;;0
"DIN";5;"activation date";;;0
"DIN";6;"Date and Institution Name";;"ch02A.html#Heading123";0
"DIN";7;"Date and Institution Name";;"ch02a.html#Heading117";0
"DIN";8;"Date and Institution Name";;"ch02a.html#Heading177";0
"DIN";9;"Date and Institution Name";;"ch02a.html#Heading177";0
"DIN";10;"DIN";;"ch02A.html#Heading482";0
"DIN";60;"Date and Institution Name";;"ch02A.html#Heading123";0
"DIN";61;"Date and Institution Name";;"ch02a.html#Heading123";0
"DIN";81;"Date and Institution Name";;"ch02a.html#Heading162";0
"DIN";91;"Date and Institution Name";;"ch02a.html#Heading177";0
"DIN";92;"Date and Institution Name";;"ch02a.html#Heading177";0
"DLD";4;"discharge location";;;0
"DLD";5;"discharge location";;;0
"DLD";6;"Discharge Location and Date";;"ch02A.html#Heading127";0
"DLD";7;"Discharge to Location and Date";;"ch02a.html#Heading121";0
"DLD";8;"Discharge to Location and Date";;"ch02a.html#Heading181";0
"DLD";9;"Discharge to Location and Date";;"ch02a.html#Heading181";0
"DLD";10;"DLD";;"ch02A.html#Heading485";0
"DLD";60;"Discharge Location and Date";;"ch02A.html#Heading127";0
"DLD";61;"Discharge Location and Date";;"ch02a.html#Heading127";0
"DLD";81;"Discharge to Location and Date";;"ch02a.html#Heading165";0
"DLD";91;"Discharge to Location and Date";;"ch02a.html#Heading181";0
"DLD";92;"Discharge to Location and Date";;"ch02a.html#Heading181";0
"DLD";630;"Discharge to Location and Date";;;0
"DLN";3;"Driver’s license number";;;0
"DLN";4;"Driver’s license number";0;"ch2fin.html#Heading89";0
"DLN";5;"Driver’s license number";;;0
"DLN";6;"Driver_s License Number";;"ch02A.html#Heading131";0
"DLN";7;"Driver's License Number";;"ch02a.html#Heading125";0
"DLN";8;"Driver's License Number";;"ch02a.html#Heading185";0
"DLN";9;"Driver's License Number";;"ch02a.html#Heading185";0
"DLN";10;"DLN";;"ch02A.html#Heading488";0
"DLN";60;"Driver_s License Number";;"ch02A.html#Heading131";0
"DLN";61;"Driver's License Number";;"ch02a.html#Heading131";0
"DLN";81;"Driver's License Number";;"ch02a.html#Heading168";0
"DLN";91;"Driver's License Number";;"ch02a.html#Heading185";0
"DLN";92;"Driver's License Number";;"ch02a.html#Heading185";0
"DLT";4;"delta check";;;0
"DLT";5;"delta check";;;0
"DLT";6;"Delta";;"ch02A.html#Heading136";0
"DLT";7;"Delta";;"ch02a.html#Heading130";0
"DLT";8;"Delta";;"ch02a.html#Heading190";0
"DLT";9;"Delta";;"ch02a.html#Heading190";0
"DLT";10;"DLT";;"ch02A.html#Heading492";0
"DLT";60;"Delta";;"ch02A.html#Heading136";0
"DLT";61;"Delta";;"ch02a.html#Heading136";0
"DLT";81;"Delta";;"ch02a.html#Heading172";0
"DLT";91;"Delta";;"ch02a.html#Heading190";0
"DLT";92;"Delta";;"ch02a.html#Heading190";0
"DR";3;"Date/time range";;;0
"DR";4;"Date/time range";0;"ch2fin.html#Heading93";0
"DR";5;"Date/time range";;;0
"DR";6;"Date/Time Range";;"ch02A.html#Heading142";0
"DR";7;"Date/Time Range";;"ch02a.html#Heading136";1
"DR";8;"Date/Time Range";;"ch02a.html#Heading196";0
"DR";9;"Date/Time Range";;"ch02a.html#Heading196";0
"DR";10;"DR";;"ch02A.html#Heading497";0
"DR";60;"Date/Time Range";;"ch02A.html#Heading142";0
"DR";61;"Date/Time Range";;"ch02a.html#Heading142";0
"DR";81;"Date/Time Range";;"ch02a.html#Heading177";0
"DR";91;"Date/Time Range";;"ch02a.html#Heading196";0
"DR";92;"Date/Time Range";;"ch02a.html#Heading196";0
"DT";1;"DATE";8;;0
"DT";2;"DATE";8;;0
"DT";3;"DATE";;;0
"DT";4;"Date";0;"ch2fin.html#Heading96";0
"DT";5;"Date";;;0
"DT";6;"Date";;"ch02A.html#Heading146";0
"DT";7;"Date";;"ch02a.html#Heading140";0
"DT";8;"Date";;"ch02a.html#Heading200";0
"DT";9;"Date";;"ch02a.html#Heading200";0
"DT";10;"DT";;"ch02A.html#Heading500";0
"DT";20;"Date";;;0
"DT";60;"Date";;"ch02A.html#Heading146";0
"DT";61;"Date";;"ch02a.html#Heading146";0
"DT";81;"Date";;"ch02a.html#Heading180";0
"DT";91;"Date";;"ch02a.html#Heading200";0
"DT";92;"Date";;"ch02a.html#Heading200";0
"DT";540;"Date";;;0
"DTM";6;"Date/Time";;"ch02A.html#Heading147";0
"DTM";7;"Date/Time";;"ch02a.html#Heading141";0
"DTM";8;"Date/Time";;"ch02a.html#Heading201";0
"DTM";9;"Date/Time";;"ch02a.html#Heading201";0
"DTM";10;"DTM";;"ch02A.html#Heading501";0
"DTM";60;"Date/Time";;"ch02A.html#Heading147";0
"DTM";61;"Date/Time";;"ch02a.html#Heading147";0
"DTM";81;"Date/Time";;"ch02a.html#Heading181";0
"DTM";91;"Date/Time";;"ch02a.html#Heading201";0
"DTM";92;"Date/Time";;"ch02a.html#Heading201";0
"DTN";4;"Day Type and Number";;;0
"DTN";5;"Day Type and Number";;;0
"DTN";6;"Day Type and Number";;"ch02A.html#Heading148";0
"DTN";7;"Day Type and Number";;"ch02a.html#Heading142";0
"DTN";8;"Day Type and Number";;"ch02a.html#Heading202";0
"DTN";9;"Day Type and Number";;"ch02a.html#Heading202";0
"DTN";10;"DTN";;"ch02A.html#Heading502";0
"DTN";60;"Day Type and Number";;"ch02A.html#Heading148";0
"DTN";61;"Day Type and Number";;"ch02a.html#Heading148";0
"DTN";81;"Day Type and Number";;"ch02a.html#Heading182";0
"DTN";91;"Day Type and Number";;"ch02a.html#Heading202";0
"DTN";92;"Day Type and Number";;"ch02a.html#Heading202";0
"ED";3;"encapsulated data";0;;0
"ED";4;"Encapsulated data";0;"ch2fin.html#Heading97";0
"ED";5;"Encapsulated data";;;0
"ED";6;"Encapsulated Data";;"ch02A.html#Heading152";0
"ED";7;"Encapsulated Data";;"ch02a.html#Heading146";0
"ED";8;"Encapsulated Data";;"ch02a.html#Heading206";0
"ED";9;"Encapsulated Data";;"ch02a.html#Heading206";0
"ED";10;"ED";;"ch02A.html#Heading505";0
"ED";60;"Encapsulated Data";;"ch02A.html#Heading152";0
"ED";61;"Encapsulated Data";;"ch02a.html#Heading152";0
"ED";81;"Encapsulated Data";;"ch02a.html#Heading185";0
"ED";91;"Encapsulated Data";;"ch02a.html#Heading206";0
"ED";92;"Encapsulated Data";;"ch02a.html#Heading206";0
"EI";3;"entity identifier";0;;0
"EI";4;"Entity identifier";0;"ch2fin.html#Heading103";0
"EI";5;"Entity identifier";;;0
"EI";6;"Entity Identifier";;"ch02A.html#Heading159";0
"EI";7;"Entity Identifier";;"ch02a.html#Heading153";0
"EI";8;"Entity Identifier";;"ch02a.html#Heading213";0
"EI";9;"Entity Identifier";;"ch02a.html#Heading213";0
"EI";10;"EI";;"ch02A.html#Heading511";0
"EI";20;;;;0
"EI";60;"Entity Identifier";;"ch02A.html#Heading159";0
"EI";61;"Entity Identifier";;"ch02a.html#Heading159";0
"EI";81;"Entity Identifier";;"ch02a.html#Heading191";0
"EI";91;"Entity Identifier";;"ch02a.html#Heading213";0
"EI";92;"Entity Identifier";;"ch02a.html#Heading213";0
"EI";630;"Entity Identifier";;;0
"EIP";4;"parent order";;;0
"EIP";5;"parent order";;;0
"EIP";6;"Entity Identifier Pair";;"ch02A.html#Heading165";0
"EIP";7;"Entity Identifier Pair";;"ch02a.html#Heading159";0
"EIP";8;"Entity Identifier Pair";;"ch02a.html#Heading219";0
"EIP";9;"Entity Identifier Pair";;"ch02a.html#Heading219";0
"EIP";10;"EIP";;"ch02A.html#Heading516";0
"EIP";60;"Entity Identifier Pair";;"ch02A.html#Heading165";0
"EIP";61;"Entity Identifier Pair";;"ch02a.html#Heading165";0
"EIP";81;"Entity Identifier Pair";;"ch02a.html#Heading196";0
"EIP";91;"Entity Identifier Pair";;"ch02a.html#Heading219";0
"EIP";92;"Entity Identifier Pair";;"ch02a.html#Heading219";0
"ELD";4;"error";;;0
"ELD";5;"error";;;0
"ELD";6;"Error Location and Description";;"ch02A.html#Heading169";0
"ELD";7;"Error Location and Description";;"ch02a.html#Heading163";0
"ELD";60;"Error Location and Description";;"ch02A.html#Heading169";0
"ELD";61;"Error Location and Description";;"ch02a.html#Heading169";0
"ERL";6;"Error Location";;"ch02A.html#Heading175";0
"ERL";7;"Error Location";;"ch02a.html#Heading169";0
"ERL";8;"Error Location";;"ch02a.html#Heading224";0
"ERL";9;"Error Location";;"ch02a.html#Heading224";0
"ERL";10;"ERL";;"ch02A.html#Heading520";0
"ERL";60;"Error Location";;"ch02A.html#Heading175";0
"ERL";61;"Error Location";;"ch02a.html#Heading175";0
"ERL";81;"Error Location";;"ch02a.html#Heading200";0
"ERL";91;"Error Location";;"ch02a.html#Heading224";0
"ERL";92;"Error Location";;"ch02a.html#Heading224";0
"FC";3;"Financial class";;;0
"FC";4;"Financial class";0;"ch2fin.html#Heading108";0
"FC";5;"Financial class";;;0
"FC";6;"Financial Class";;"ch02A.html#Heading183";0
"FC";7;"Financial Class";;"ch02a.html#Heading177";0
"FC";8;"Financial Class";;"ch02a.html#Heading232";0
"FC";9;"Financial Class";;"ch02a.html#Heading232";0
"FC";10;"FC";;"ch02A.html#Heading527";0
"FC";60;"Financial Class";;"ch02A.html#Heading183";0
"FC";61;"Financial Class";;"ch02a.html#Heading183";0
"FC";81;"Financial Class";;"ch02a.html#Heading207";0
"FC";91;"Financial Class";;"ch02a.html#Heading232";0
"FC";92;"Financial Class";;"ch02a.html#Heading232";0
"FN";4;"Family Name";;;0
"FN";5;"familiy name";;;0
"FN";6;"Family Name";;"ch02A.html#Heading187";0
"FN";7;"Family Name";;"ch02a.html#Heading181";1
"FN";8;"Family Name";;"ch02a.html#Heading236";0
"FN";9;"Family Name";;"ch02a.html#Heading236";0
"FN";10;"FN";;"ch02A.html#Heading530";0
"FN";60;"Family Name";;"ch02A.html#Heading187";0
"FN";61;"Family Name";;"ch02a.html#Heading187";0
"FN";81;"Family Name";;"ch02a.html#Heading210";0
"FN";91;"Family Name";;"ch02a.html#Heading236";0
"FN";92;"Family Name";;"ch02a.html#Heading236";0
"FT";1;"FORMATTED TEXT";0;;0
"FT";2;"FORMATTED TEXT";0;;0
"FT";3;"formatted text";;;0
"FT";4;"Formatted text";0;"ch2fin.html#Heading111";0
"FT";5;"Formatted text";;;0
"FT";6;"Formatted Text Data";;"ch02A.html#Heading194";0
"FT";7;"Formatted Text Data";;"ch02a.html#Heading188";0
"FT";8;"Formatted Text Data";;"ch02a.html#Heading243";0
"FT";9;"Formatted Text Data";;"ch02a.html#Heading243";0
"FT";10;"FT";;"ch02A.html#Heading536";0
"FT";60;"Formatted Text Data";;"ch02A.html#Heading194";0
"FT";61;"Formatted Text Data";;"ch02a.html#Heading194";0
"FT";81;"Formatted Text Data";;"ch02a.html#Heading216";0
"FT";91;"Formatted Text Data";;"ch02a.html#Heading243";0
"FT";92;"Formatted Text Data";;"ch02a.html#Heading243";0
"GTS";6;"General Timing Specification";;"ch02A.html#Heading195";0
"GTS";7;"General Timing Specification";;"ch02a.html#Heading189";0
"GTS";8;"General Timing Specification";;"ch02a.html#Heading244";0
"GTS";9;"General Timing Specification";;"ch02a.html#Heading244";0
"GTS";10;"GTS";;"ch02A.html#Heading537";0
"GTS";60;"General Timing Specification";;"ch02A.html#Heading195";0
"GTS";61;"General Timing Specification";;"ch02a.html#Heading195";0
"GTS";81;"General Timing Specification";;"ch02a.html#Heading217";0
"GTS";91;"General Timing Specification";;"ch02a.html#Heading244";0
"GTS";92;"General Timing Specification";;"ch02a.html#Heading244";0
"HD";3;"hierarchic designator";0;;0
"HD";4;"Hierarchic designator";0;"ch2fin.html#Heading112";0
"HD";5;"Hierarchic designator";;;0
"HD";6;"Hierarchic Designator";;"ch02A.html#Heading196";0
"HD";7;"Hierarchic Designator";;"ch02a.html#Heading190";0
"HD";8;"Hierarchic Designator";;"ch02a.html#Heading245";0
"HD";9;"Hierarchic Designator";;"ch02a.html#Heading245";0
"HD";10;"HD";;"ch02A.html#Heading538";0
"HD";60;"Hierarchic Designator";;"ch02A.html#Heading196";0
"HD";61;"Hierarchic Designator";;"ch02a.html#Heading196";0
"HD";81;"Hierarchic Designator";;"ch02a.html#Heading218";0
"HD";91;"Hierarchic Designator";;"ch02a.html#Heading245";0
"HD";92;"Hierarchic Designator";;"ch02a.html#Heading245";0
"ICD";6;"Insurance Certification Definition";;"ch02A.html#Heading201";0
"ICD";7;"Insurance Certification Definition";;"ch02a.html#Heading195";0
"ICD";8;"Insurance Certification Definition";;"ch02a.html#Heading250";0
"ICD";9;"Insurance Certification Definition";;"ch02a.html#Heading250";0
"ICD";10;"ICD";;"ch02A.html#Heading542";0
"ICD";60;"Insurance Certification Definition";;"ch02A.html#Heading201";0
"ICD";61;"Insurance Certification Definition";;"ch02a.html#Heading201";0
"ICD";81;"Insurance Certification Definition";;"ch02a.html#Heading222";0
"ICD";91;"Insurance Certification Definition";;"ch02a.html#Heading250";0
"ICD";92;"Insurance Certification Definition";;"ch02a.html#Heading250";0
"ID";1;"CODED VALUE";0;;0
"ID";2;"CODED VALUE";0;;0
"ID";3;"CODED VALUE";;;0
"ID";4;"Coded values for HL7 tables";0;"ch2fin.html#Heading46";0
"ID";5;"Coded values for HL7 tables";;;0
"ID";6;"String Data";;"ch02A.html#Heading206";0
"ID";7;"Coded Value for HL7 Defined Tables";;"ch02a.html#Heading200";1
"ID";8;"Coded Value for HL7 Defined Tables";;"ch02a.html#Heading255";0
"ID";9;"Coded Value for HL7 Defined Tables";;"ch02a.html#Heading255";0
"ID";10;"ID";;"ch02A.html#Heading546";0
"ID";20;;;;0
"ID";60;"String Data";;"ch02A.html#Heading206";0
"ID";61;"String Data";;"ch02a.html#Heading206";0
"ID";81;"Coded Value for HL7 Defined Tables";;"ch02a.html#Heading226";0
"ID";91;"Coded Value for HL7 Defined Tables";;"ch02a.html#Heading255";0
"ID";92;"Coded Value for HL7 Defined Tables";;"ch02a.html#Heading255";0
"ID";540;"Coded Value for HL7 Defined Tables";;;0
"ID";630;;;;0
"IS";3;"Coded value for user-defined tables";;;0
"IS";4;"Coded value for user-defined tables";0;"ch2fin.html#Heading117";0
"IS";5;"Coded value for user-defined tables";;;0
"IS";6;"String Data";;"ch02A.html#Heading207";0
"IS";7;"Coded Value for User-Defined Tables";;"ch02a.html#Heading201";1
"IS";8;"Coded Value for User-Defined Tables";;"ch02a.html#Heading256";0
"IS";9;"Coded Value for User-Defined Tables";;"ch02a.html#Heading256";0
"IS";10;"IS";;"ch02A.html#Heading547";0
"IS";20;;;;0
"IS";60;"String Data";;"ch02A.html#Heading207";0
"IS";61;"String Data";;"ch02a.html#Heading207";0
"IS";81;"Coded Value for User-Defined Tables";;"ch02a.html#Heading227";0
"IS";91;"Coded Value for User-Defined Tables";;"ch02a.html#Heading256";0
"IS";92;"Coded Value for User-Defined Tables";;"ch02a.html#Heading256";0
"IS";530;"Coded Value for User-Defined Tables";;;0
"IS";540;"Coded value for user-defined tables";;;0
"IS";630;;;;0
"JCC";3;"Job code/class";;;0
"JCC";4;"Job code/class";0;"ch2fin.html#Heading118";0
"JCC";5;"Job code/class";;;0
"JCC";6;"Job Code/Class";;"ch02A.html#Heading208";0
"JCC";7;"Job Code/Class";;"ch02a.html#Heading202";0
"JCC";8;"Job Code/Class";;"ch02a.html#Heading257";0
"JCC";9;"Job Code/Class";;"ch02a.html#Heading257";0
"JCC";10;"JCC";;"ch02A.html#Heading548";0
"JCC";60;"Job Code/Class";;"ch02A.html#Heading208";0
"JCC";61;"Job Code/Class";;"ch02a.html#Heading208";0
"JCC";81;"Job Code/Class";;"ch02a.html#Heading228";0
"JCC";91;"Job Code/Class";;"ch02a.html#Heading257";0
"JCC";92;"Job Code/Class";;"ch02a.html#Heading257";0
"LA1";4;"Location with address information (variant 1)";;;0
"LA1";5;"Location with address information (variant 1)";;;0
"LA1";6;"Location with Address Variation 1";;"ch02A.html#Heading213";0
"LA1";7;"Location with Address Variation 1";;"ch02a.html#Heading207";0
"LA1";8;"Location with Address Variation 1";;"ch02a.html#Heading262";0
"LA1";60;"Location with Address Variation 1";;"ch02A.html#Heading213";0
"LA1";61;"Location with Address Variation 1";;"ch02a.html#Heading213";0
"LA1";81;"Location with Address Variation 1";;"ch02a.html#Heading232";0
"LA2";4;"Location with address information (variant 2)";;;0
"LA2";5;"Location with address information (variant 2)";;;0
"LA2";6;"Location with Address Variation 2";;"ch02A.html#Heading225";0
"LA2";7;"Location with Address Variation 2";;"ch02a.html#Heading218";0
"LA2";8;"Location with Address Variation 2";;"ch02a.html#Heading273";0
"LA2";60;"Location with Address Variation 2";;"ch02A.html#Heading225";0
"LA2";61;"Location with Address Variation 2";;"ch02a.html#Heading225";0
"LA2";81;"Location with Address Variation 2";;"ch02a.html#Heading242";0
"MA";3;"multiplexed array";0;;0
"MA";4;"Multiplexed array";0;"ch2fin.html#Heading121";0
"MA";5;"Multiplexed array";;;0
"MA";6;"Multiplexed Array";;"ch02A.html#Heading243";0
"MA";7;"Multiplexed Array";;"ch02a.html#Heading236";0
"MA";8;"Multiplexed Array";;"ch02a.html#Heading291";0
"MA";9;"Multiplexed Array";;"ch02a.html#Heading264";0
"MA";10;"MA";;"ch02A.html#Heading554";0
"MA";60;"Multiplexed Array";;"ch02A.html#Heading243";0
"MA";61;"Multiplexed Array";;"ch02a.html#Heading243";0
"MA";81;"Multiplexed Array";;"ch02a.html#Heading259";0
"MA";91;"Multiplexed Array";;"ch02a.html#Heading264";0
"MA";92;"Multiplexed Array";;"ch02a.html#Heading264";0
"MO";2;"MONEY";0;;0
"MO";3;"MONEY";0;;0
"MO";4;"Money";0;"ch2fin.html#Heading122";0
"MO";5;"Money";;;0
"MO";6;"Money";;"ch02A.html#Heading244";0
"MO";7;"Money";;"ch02a.html#Heading237";0
"MO";8;"Money";;"ch02a.html#Heading292";0
"MO";9;"Money";;"ch02a.html#Heading265";0
"MO";10;"MO";;"ch02A.html#Heading555";0
"MO";20;;;;0
"MO";60;"Money";;"ch02A.html#Heading244";0
"MO";61;"Money";;"ch02a.html#Heading244";0
"MO";81;"Money";;"ch02a.html#Heading260";0
"MO";91;"Money";;"ch02a.html#Heading265";0
"MO";92;"Money";;"ch02a.html#Heading265";0
"MOC";4;"Charge To Practise";;;0
"MOC";5;"Charge To Practise";;;0
"MOC";6;"Money and Code";;"ch02A.html#Heading248";0
"MOC";7;"Money and Code";;"ch02a.html#Heading241";0
"MOC";8;"Money and Code";;"ch02a.html#Heading296";0
"MOC";9;"Money and Code";;"ch02a.html#Heading269";0
"MOC";10;"MOC";;"ch02A.html#Heading558";0
"MOC";60;"Money and Code";;"ch02A.html#Heading248";0
"MOC";61;"Money and Code";;"ch02a.html#Heading248";0
"MOC";81;"Money and Code";;"ch02a.html#Heading263";0
"MOC";91;"Money and Code";;"ch02a.html#Heading269";0
"MOC";92;"Money and Code";;"ch02a.html#Heading269";0
"MOP";4;"money or percentage";;;0
"MOP";5;"money or percentage";;;0
"MOP";6;"Money or Percentage";;"ch02A.html#Heading251";0
"MOP";7;"Money or Percentage";;"ch02a.html#Heading245";0
"MOP";8;"Money or Percentage";;"ch02a.html#Heading300";0
"MOP";9;"Money or Percentage";;"ch02a.html#Heading273";0
"MOP";10;"MOP";;"ch02A.html#Heading561";0
"MOP";60;"Money or Percentage";;"ch02A.html#Heading251";0
"MOP";61;"Money or Percentage";;"ch02a.html#Heading251";0
"MOP";81;"Money or Percentage";;"ch02a.html#Heading266";0
"MOP";91;"Money or Percentage";;"ch02a.html#Heading273";0
"MOP";92;"Money or Percentage";;"ch02a.html#Heading273";0
"MSG";4;"Message Type";;;0
"MSG";5;"Message Type";;;0
"MSG";6;"Message Type";;"ch02A.html#Heading256";0
"MSG";7;"Message Type";;"ch02a.html#Heading250";0
"MSG";8;"Message Type";;"ch02a.html#Heading305";0
"MSG";9;"Message Type";;"ch02a.html#Heading278";0
"MSG";10;"MSG";;"ch02A.html#Heading565";0
"MSG";60;"Message Type";;"ch02A.html#Heading256";0
"MSG";61;"Message Type";;"ch02a.html#Heading256";0
"MSG";81;"Message Type";;"ch02a.html#Heading270";0
"MSG";91;"Message Type";;"ch02a.html#Heading278";0
"MSG";92;"Message Type";;"ch02a.html#Heading278";0
"NA";3;"numeric array";0;;0
"NA";4;"Numeric array";0;"ch2fin.html#Heading125";0
"NA";5;"Numeric array";;;0
"NA";6;"Numeric Array";;"ch02A.html#Heading261";0
"NA";7;"Numeric Array";;"ch02a.html#Heading255";0
"NA";8;"Numeric Array";;"ch02a.html#Heading310";0
"NA";9;"Numeric Array";;"ch02a.html#Heading283";0
"NA";10;"NA";;"ch02A.html#Heading569";0
"NA";60;"Numeric Array";;"ch02A.html#Heading261";0
"NA";61;"Numeric Array";;"ch02a.html#Heading261";0
"NA";81;"Numeric Array";;"ch02a.html#Heading274";0
"NA";91;"Numeric Array";;"ch02a.html#Heading283";0
"NA";92;"Numeric Array";;"ch02a.html#Heading283";0
"NDL";4;"observing practitioner";;;0
"NDL";5;"observing practitioner";;;0
"NDL";6;"Name with Date and Location";;"ch02A.html#Heading262";0
"NDL";7;"Name with Date and Location";;"ch02a.html#Heading256";0
"NDL";8;"Name with Date and Location";;"ch02a.html#Heading311";0
"NDL";9;"Name with Date and Location";;"ch02a.html#Heading284";0
"NDL";10;"NDL";;"ch02A.html#Heading570";0
"NDL";60;"Name with Date and Location";;"ch02A.html#Heading262";0
"NDL";61;"Name with Date and Location";;"ch02a.html#Heading262";0
"NDL";81;"Name with Date and Location";;"ch02a.html#Heading275";0
"NDL";91;"Name with Date and Location";;"ch02a.html#Heading284";0
"NDL";92;"Name with Date and Location";;"ch02a.html#Heading284";0
"NM";1;"NUMERIC";0;;0
"NM";2;"NUMERIC";0;;0
"NM";3;"NUMERIC";;;0
"NM";4;"Numeric";0;"ch2fin.html#Heading126";0
"NM";5;"Numeric";;;0
"NM";6;"Numeric";;"ch02A.html#Heading275";0
"NM";7;"Numeric";;"ch02a.html#Heading269";0
"NM";8;"Numeric";;"ch02a.html#Heading324";0
"NM";9;"Numeric";;"ch02a.html#Heading297";0
"NM";10;"NM";;"ch02A.html#Heading582";0
"NM";20;"Numeric";;;0
"NM";60;"Numeric";;"ch02A.html#Heading275";0
"NM";61;"Numeric";;"ch02a.html#Heading275";0
"NM";81;"Numeric";;"ch02a.html#Heading287";0
"NM";91;"Numeric";;"ch02a.html#Heading297";0
"NM";92;"Numeric";;"ch02a.html#Heading297";0
"NM";530;"Numeric";;;0
"NM";540;"Numeric";;;0
"NR";4;"numeric range";;;0
"NR";5;"numeric range";;;0
"NR";6;"Numeric Range";;"ch02A.html#Heading276";0
"NR";7;"Numeric Range";;"ch02a.html#Heading270";0
"NR";8;"Numeric Range";;"ch02a.html#Heading325";0
"NR";9;"Numeric Range";;"ch02a.html#Heading298";0
"NR";10;"NR";;"ch02A.html#Heading583";0
"NR";60;"Numeric Range";;"ch02A.html#Heading276";0
"NR";61;"Numeric Range";;"ch02a.html#Heading276";0
"NR";81;"Numeric Range";;"ch02a.html#Heading288";0
"NR";91;"Numeric Range";;"ch02a.html#Heading298";0
"NR";92;"Numeric Range";;"ch02a.html#Heading298";0
"OCD";4;"occurence";;;0
"OCD";5;"occurence";;;0
"OCD";6;"Occurrence Code and Date";;"ch02A.html#Heading280";0
"OCD";7;"Occurrence Code and Date";;"ch02a.html#Heading274";0
"OCD";8;"Occurrence Code and Date";;"ch02a.html#Heading329";0
"OCD";9;"Occurrence Code and Date";;"ch02a.html#Heading302";0
"OCD";10;"OCD";;"ch02A.html#Heading586";0
"OCD";60;"Occurrence Code and Date";;"ch02A.html#Heading280";0
"OCD";61;"Occurrence Code and Date";;"ch02a.html#Heading280";0
"OCD";81;"Occurrence Code and Date";;"ch02a.html#Heading291";0
"OCD";91;"Occurrence Code and Date";;"ch02a.html#Heading302";0
"OCD";92;"Occurrence Code and Date";;"ch02a.html#Heading302";0
"OG";10;"OG";;"ch02A.html#Heading589";0
"OG";92;"Observation Grouper";;"ch02a.html#Heading306";0
"OP";540;"OP";;;0
"OSD";4;"order sequence";;;0
"OSD";5;"order sequence";;;0
"OSD";6;"Order Sequence Definition";;"ch02A.html#Heading284";0
"OSD";7;"Order Sequence Definition";;"ch02a.html#Heading278";0
"OSD";60;"Order Sequence Definition";;"ch02A.html#Heading284";0
"OSD";61;"Order Sequence Definition";;"ch02a.html#Heading284";0
"OSP";4;"occurence span";;;0
"OSP";5;"occurence span";;;0
"OSP";6;"Occurrence Span Code and Date";;"ch02A.html#Heading297";0
"OSP";7;"Occurrence Span Code and Date";;"ch02a.html#Heading291";0
"OSP";8;"Occurrence Span Code and Date";;"ch02a.html#Heading334";0
"OSP";9;"Occurrence Span Code and Date";;"ch02a.html#Heading307";0
"OSP";10;"OSP";;"ch02A.html#Heading595";0
"OSP";60;"Occurrence Span Code and Date";;"ch02A.html#Heading297";0
"OSP";61;"Occurrence Span Code and Date";;"ch02a.html#Heading297";0
"OSP";81;"Occurrence Span Code and Date";;"ch02a.html#Heading295";0
"OSP";91;"Occurrence Span Code and Date";;"ch02a.html#Heading307";0
"OSP";92;"Occurrence Span Code and Date";;"ch02a.html#Heading312";0
"PCF";4;"Pre-certification required";;;0
"PCF";5;"Pre-certification required";;;0
"PI";4;"person identifier";;;0
"PI";5;"person identifier";;;0
"PIP";4;"Privileges";;;0
"PIP";5;"Privileges";;;0
"PIP";6;"Practitioner Institutional Privileges";;"ch02A.html#Heading301";0
"PIP";7;"Practitioner Institutional Privileges";;"ch02a.html#Heading296";0
"PIP";8;"Practitioner Institutional Privileges";;"ch02a.html#Heading339";0
"PIP";9;"Practitioner Institutional Privileges";;"ch02a.html#Heading312";0
"PIP";10;"PIP";;"ch02A.html#Heading599";0
"PIP";60;"Practitioner Institutional Privileges";;"ch02A.html#Heading301";0
"PIP";61;"Practitioner Institutional Privileges";;"ch02a.html#Heading301";0
"PIP";81;"Practitioner Institutional Privileges";;"ch02a.html#Heading299";0
"PIP";91;"Practitioner Institutional Privileges";;"ch02a.html#Heading312";0
"PIP";92;"Practitioner Institutional Privileges";;"ch02a.html#Heading317";0
"PL";3;"patient location";0;;0
"PL";4;"Person location";0;"ch2fin.html#Heading127";0
"PL";5;"Person location";;;0
"PL";6;"Person Location";;"ch02A.html#Heading308";0
"PL";7;"Person Location";;"ch02a.html#Heading303";0
"PL";8;"Person Location";;"ch02a.html#Heading346";0
"PL";9;"Person Location";;"ch02a.html#Heading319";0
"PL";10;"PL";;"ch02A.html#Heading605";0
"PL";60;"Person Location";;"ch02A.html#Heading308";0
"PL";61;"Person Location";;"ch02a.html#Heading308";0
"PL";81;"Person Location";;"ch02a.html#Heading305";0
"PL";91;"Person Location";;"ch02a.html#Heading319";0
"PL";92;"Person Location";;"ch02a.html#Heading324";0
"PL";540;"Person Location";;;0
"PLN";4;"Practitioner ID Numbers";;;0
"PLN";5;"Practitioner ID Numbers";;;0
"PLN";6;"Practitioner License or Other ID Number";;"ch02A.html#Heading321";0
"PLN";7;"Practitioner License or Other ID Number";;"ch02a.html#Heading316";0
"PLN";8;"Practitioner License or Other ID Number";;"ch02a.html#Heading359";0
"PLN";9;"Practitioner License or Other ID Number";;"ch02a.html#Heading332";0
"PLN";10;"PLN";;"ch02A.html#Heading617";0
"PLN";60;"Practitioner License or Other ID Number";;"ch02A.html#Heading321";0
"PLN";61;"Practitioner License or Other ID Number";;"ch02a.html#Heading321";0
"PLN";81;"Practitioner License or Other ID Number";;"ch02a.html#Heading317";0
"PLN";91;"Practitioner License or Other ID Number";;"ch02a.html#Heading332";0
"PLN";92;"Practitioner License or Other ID Number";;"ch02a.html#Heading337";0
"PN";1;"PERSON NAME";48;;0
"PN";2;"PERSON NAME";48;;0
"PN";3;"person name";0;;0
"PN";4;"Person name";0;"ch2fin.html#Heading156";0
"PN";5;"Person name";;;0
"PPN";3;"Performing person time stamp";;;0
"PPN";4;"Performing person time stamp";0;"ch2fin.html#Heading137";0
"PPN";5;"Performing person time stamp";;;0
"PPN";6;"Performing Person Time Stamp";;"ch02A.html#Heading327";0
"PPN";7;"Performing Person Time Stamp";;"ch02a.html#Heading322";0
"PPN";8;"Performing Person Time Stamp";;"ch02a.html#Heading365";0
"PPN";9;"Performing Person Time Stamp";;"ch02a.html#Heading338";0
"PPN";10;"PPN";;"ch02A.html#Heading622";0
"PPN";60;"Performing Person Time Stamp";;"ch02A.html#Heading327";0
"PPN";61;"Performing Person Time Stamp";;"ch02a.html#Heading327";0
"PPN";81;"Performing Person Time Stamp";;"ch02a.html#Heading322";0
"PPN";91;"Performing Person Time Stamp";;"ch02a.html#Heading338";0
"PPN";92;"Performing Person Time Stamp";;"ch02a.html#Heading343";0
"PRL";4;"parent result link";;;0
"PRL";5;"parent result link";;;0
"PRL";6;"Parent Result Link";;"ch02A.html#Heading353";0
"PRL";7;"Parent Result Link";;"ch02a.html#Heading348";0
"PRL";8;"Parent Result Link";;"ch02a.html#Heading393";0
"PRL";9;"Parent Result Link";;"ch02a.html#Heading366";0
"PRL";10;"PRL";;"ch02A.html#Heading649";0
"PRL";60;"Parent Result Link";;"ch02A.html#Heading353";0
"PRL";61;"Parent Result Link";;"ch02a.html#Heading353";0
"PRL";81;"Parent Result Link";;"ch02a.html#Heading349";0
"PRL";91;"Parent Result Link";;"ch02a.html#Heading366";0
"PRL";92;"Parent Result Link";;"ch02a.html#Heading371";0
"PT";3;"Processing type";;;0
"PT";4;"Processing type";0;"ch2fin.html#Heading165";0
"PT";5;"Processing type";;;0
"PT";6;"Processing Type";;"ch02A.html#Heading358";0
"PT";7;"Processing Type";;"ch02a.html#Heading353";0
"PT";8;"Processing Type";;"ch02a.html#Heading398";0
"PT";9;"Processing Type";;"ch02a.html#Heading371";0
"PT";10;"PT";;"ch02A.html#Heading653";0
"PT";60;"Processing Type";;"ch02A.html#Heading358";0
"PT";61;"Processing Type";;"ch02a.html#Heading358";0
"PT";81;"Processing Type";;"ch02a.html#Heading353";0
"PT";91;"Processing Type";;"ch02a.html#Heading371";0
"PT";92;"Processing Type";;"ch02a.html#Heading376";0
"PTA";4;"Policy Type";;;0
"PTA";5;"Policy Type";;;0
"PTA";6;"Policy Type and Amount";;"ch02A.html#Heading362";0
"PTA";7;"Policy Type and Amount";;"ch02a.html#Heading357";0
"PTA";8;"Policy Type and Amount";;"ch02a.html#Heading402";0
"PTA";9;"Policy Type and Amount";;"ch02a.html#Heading375";0
"PTA";10;"PTA";;"ch02A.html#Heading656";0
"PTA";60;"Policy Type and Amount";;"ch02A.html#Heading362";0
"PTA";61;"Policy Type and Amount";;"ch02a.html#Heading362";0
"PTA";81;"Policy Type and Amount";;"ch02a.html#Heading356";0
"PTA";91;"Policy Type and Amount";;"ch02a.html#Heading375";0
"PTA";92;"Policy Type and Amount";;"ch02a.html#Heading380";0
"QIP";3;"Query input parameter list";;;0
"QIP";4;"Query input parameter list";0;"ch2fin.html#Heading168";0
"QIP";5;"Query input parameter list";;;0
"QIP";6;"Query Input Parameter List";;"ch02A.html#Heading368";0
"QIP";7;"Query Input Parameter List";;"ch02a.html#Heading363";0
"QIP";8;"Query Input Parameter List";;"ch02a.html#Heading408";0
"QIP";9;"Query Input Parameter List";;"ch02a.html#Heading381";0
"QIP";10;"QIP";;"ch02A.html#Heading661";0
"QIP";60;"Query Input Parameter List";;"ch02A.html#Heading368";0
"QIP";61;"Query Input Parameter List";;"ch02a.html#Heading368";0
"QIP";81;"Query Input Parameter List";;"ch02a.html#Heading361";0
"QIP";91;"Query Input Parameter List";;"ch02a.html#Heading381";0
"QIP";92;"Query Input Parameter List";;"ch02a.html#Heading386";0
"QSC";3;"Query selection criteria";;;0
"QSC";4;"Query selection criteria";0;"ch2fin.html#Heading171";0
"QSC";5;"Query selection criteria";;;0
"QSC";6;"Query Selection Criteria";;"ch02A.html#Heading372";0
"QSC";7;"Query Selection Criteria";;"ch02a.html#Heading367";0
"QSC";8;"Query Selection Criteria";;"ch02a.html#Heading412";0
"QSC";9;"Query Selection Criteria";;"ch02a.html#Heading385";0
"QSC";10;"QSC";;"ch02A.html#Heading664";0
"QSC";60;"Query Selection Criteria";;"ch02A.html#Heading372";0
"QSC";61;"Query Selection Criteria";;"ch02a.html#Heading372";0
"QSC";81;"Query Selection Criteria";;"ch02a.html#Heading364";0
"QSC";91;"Query Selection Criteria";;"ch02a.html#Heading385";0
"QSC";92;"Query Selection Criteria";;"ch02a.html#Heading390";0
"RCD";3;"Row column definition";;;0
"RCD";4;"Row column definition";0;"ch2fin.html#Heading176";0
"RCD";5;"Row column definition";;;0
"RCD";6;"Row Column Definition";;"ch02A.html#Heading378";0
"RCD";7;"Row Column Definition";;"ch02a.html#Heading373";0
"RCD";8;"Row Column Definition";;"ch02a.html#Heading418";0
"RCD";9;"Row Column Definition";;"ch02a.html#Heading391";0
"RCD";10;"RCD";;"ch02A.html#Heading669";0
"RCD";60;"Row Column Definition";;"ch02A.html#Heading378";0
"RCD";61;"Row Column Definition";;"ch02a.html#Heading378";0
"RCD";81;"Row Column Definition";;"ch02a.html#Heading369";0
"RCD";91;"Row Column Definition";;"ch02a.html#Heading391";0
"RCD";92;"Row Column Definition";;"ch02a.html#Heading396";0
"RFR";4;"reference range";;;0
"RFR";5;"reference range";;;0
"RFR";6;"Reference Range";;"ch02A.html#Heading383";0
"RFR";7;"Reference Range";;"ch02a.html#Heading378";0
"RFR";8;"Reference Range";;"ch02a.html#Heading423";0
"RFR";9;"Reference Range";;"ch02a.html#Heading396";0
"RFR";10;"RFR";;"ch02A.html#Heading673";0
"RFR";60;"Reference Range";;"ch02A.html#Heading383";0
"RFR";61;"Reference Range";;"ch02a.html#Heading383";0
"RFR";81;"Reference Range";;"ch02a.html#Heading373";0
"RFR";91;"Reference Range";;"ch02a.html#Heading396";0
"RFR";92;"Reference Range";;"ch02a.html#Heading401";0
"RI";3;"Repeat interval";;;0
"RI";4;"Repeat interval";0;"ch2fin.html#Heading180";0
"RI";5;"Repeat interval";;;0
"RI";6;"Repeat Interval";;"ch02A.html#Heading392";0
"RI";7;"Repeat Interval";;"ch02a.html#Heading387";0
"RI";8;"Repeat Interval";;"ch02a.html#Heading432";0
"RI";9;"Repeat Interval";;"ch02a.html#Heading405";0
"RI";10;"RI";;"ch02A.html#Heading681";0
"RI";60;"Repeat Interval";;"ch02A.html#Heading392";0
"RI";61;"Repeat Interval";;"ch02a.html#Heading392";0
"RI";81;"Repeat Interval";;"ch02a.html#Heading381";0
"RI";91;"Repeat Interval";;"ch02a.html#Heading405";0
"RI";92;"Repeat Interval";;"ch02a.html#Heading410";0
"RMC";4;"Room Coverage";;;0
"RMC";5;"Room Coverage";;;0
"RMC";6;"Room Coverage";;"ch02A.html#Heading396";0
"RMC";7;"Room Coverage";;"ch02a.html#Heading391";0
"RMC";8;"Room Coverage";;"ch02a.html#Heading436";0
"RMC";9;"Room Coverage";;"ch02a.html#Heading409";0
"RMC";10;"RMC";;"ch02A.html#Heading684";0
"RMC";60;"Room Coverage";;"ch02A.html#Heading396";0
"RMC";61;"Room Coverage";;"ch02a.html#Heading396";0
"RMC";81;"Room Coverage";;"ch02a.html#Heading384";0
"RMC";91;"Room Coverage";;"ch02a.html#Heading409";0
"RMC";92;"Room Coverage";;"ch02a.html#Heading414";0
"RP";2;"REFERENCE POINTER";0;;0
"RP";3;"reference pointer";0;;0
"RP";4;"Reference pointer";0;"ch2fin.html#Heading183";0
"RP";5;"Reference pointer";;;0
"RP";6;"Reference Pointer";;"ch02A.html#Heading402";0
"RP";7;"Reference Pointer";;"ch02a.html#Heading397";0
"RP";8;"Reference Pointer";;"ch02a.html#Heading442";0
"RP";9;"Reference Pointer";;"ch02a.html#Heading415";0
"RP";10;"RP";;"ch02A.html#Heading689";0
"RP";60;"Reference Pointer";;"ch02A.html#Heading402";0
"RP";61;"Reference Pointer";;"ch02a.html#Heading402";0
"RP";81;"Reference Pointer";;"ch02a.html#Heading389";0
"RP";91;"Reference Pointer";;"ch02a.html#Heading415";0
"RP";92;"Reference Pointer";;"ch02a.html#Heading420";0
"RPT";6;"Repeat Pattern";;"ch02A.html#Heading412";0
"RPT";7;"Repeat Pattern";;"ch02a.html#Heading403";0
"RPT";8;"Repeat Pattern";;"ch02a.html#Heading448";0
"RPT";9;"Repeat Pattern";;"ch02a.html#Heading421";0
"RPT";10;"RPT";;"ch02A.html#Heading694";0
"RPT";60;"Repeat Pattern";;"ch02A.html#Heading412";0
"RPT";61;"Repeat Pattern";;"ch02a.html#Heading412";0
"RPT";81;"Repeat Pattern";;"ch02a.html#Heading394";0
"RPT";91;"Repeat Pattern";;"ch02a.html#Heading421";0
"RPT";92;"Repeat Pattern";;"ch02a.html#Heading426";0
"SAD";5;"street address";;;0
"SAD";6;"Street Address";;"ch02A.html#Heading425";0
"SAD";7;"Street Address";;"ch02a.html#Heading416";0
"SAD";8;"Street Address";;"ch02a.html#Heading461";0
"SAD";9;"Street Address";;"ch02a.html#Heading434";0
"SAD";10;"SAD";;"ch02A.html#Heading706";0
"SAD";60;"Street Address";;"ch02A.html#Heading425";0
"SAD";61;"Street Address";;"ch02a.html#Heading425";0
"SAD";81;"Street Address";;"ch02a.html#Heading406";0
"SAD";91;"Street Address";;"ch02a.html#Heading434";0
"SAD";92;"Street Address";;"ch02a.html#Heading439";0
"SCV";3;"Scheduling class value pair";;;0
"SCV";4;"Scheduling class value pair";0;"ch2fin.html#Heading192";0
"SCV";5;"Scheduling class value pair";;;0
"SCV";6;"Scheduling Class Value Pair";;"ch02A.html#Heading430";0
"SCV";7;"Scheduling Class Value Pair";;"ch02a.html#Heading421";0
"SCV";8;"Scheduling Class Value Pair";;"ch02a.html#Heading466";0
"SCV";9;"Scheduling Class Value Pair";;"ch02a.html#Heading439";0
"SCV";10;"SCV";;"ch02A.html#Heading710";0
"SCV";60;"Scheduling Class Value Pair";;"ch02A.html#Heading430";0
"SCV";61;"Scheduling Class Value Pair";;"ch02a.html#Heading430";0
"SCV";81;"Scheduling Class Value Pair";;"ch02a.html#Heading410";0
"SCV";91;"Scheduling Class Value Pair";;"ch02a.html#Heading439";0
"SCV";92;"Scheduling Class Value Pair";;"ch02a.html#Heading444";0
"SI";1;"SET ID";4;;0
"SI";2;"SEQUENCE ID";4;;0
"SI";3;"Sequence ID";;;0
"SI";4;"Sequence ID";0;"ch2fin.html#Heading195";0
"SI";5;"Sequence ID";;;0
"SI";6;"Sequence ID";;"ch02A.html#Heading434";0
"SI";7;"Sequence ID";;"ch02a.html#Heading425";0
"SI";8;"Sequence ID";;"ch02a.html#Heading470";0
"SI";9;"Sequence ID";;"ch02a.html#Heading443";0
"SI";10;"SI";;"ch02A.html#Heading713";0
"SI";60;"Sequence ID";;"ch02A.html#Heading434";0
"SI";61;"Sequence ID";;"ch02a.html#Heading434";0
"SI";81;"Sequence ID";;"ch02a.html#Heading413";0
"SI";91;"Sequence ID";;"ch02a.html#Heading443";0
"SI";92;"Sequence ID";;"ch02a.html#Heading448";0
"SI";530;"Sequence ID";;;0
"SN";3;"structured numeric";0;;0
"SN";4;"Structured numeric";0;"ch2fin.html#Heading196";0
"SN";5;"Structured numeric";;;0
"SN";6;"Structured Numeric";;"ch02A.html#Heading435";0
"SN";7;"Structured Numeric";;"ch02a.html#Heading426";0
"SN";8;"Structured Numeric";;"ch02a.html#Heading471";0
"SN";9;"Structured Numeric";;"ch02a.html#Heading444";0
"SN";10;"SN";;"ch02A.html#Heading714";0
"SN";60;"Structured Numeric";;"ch02A.html#Heading435";0
"SN";61;"Structured Numeric";;"ch02a.html#Heading435";0
"SN";81;"Structured Numeric";;"ch02a.html#Heading414";0
"SN";91;"Structured Numeric";;"ch02a.html#Heading444";0
"SN";92;"Structured Numeric";;"ch02a.html#Heading449";0
"SNM";8;"String of Telephone Number Digits";;"ch02a.html#Heading477";0
"SNM";9;"String of Telephone Number Digits";;"ch02a.html#Heading450";0
"SNM";10;"SNM";;"ch02A.html#Heading719";0
"SNM";81;"String of Telephone Number Digits";;"ch02a.html#Heading419";0
"SNM";91;"String of Telephone Number Digits";;"ch02a.html#Heading450";0
"SNM";92;"String of Telephone Number Digits";;"ch02a.html#Heading455";0
"SPD";4;"Specialty";;;0
"SPD";5;"Specialty";;;0
"SPD";6;"Specialty Description";;"ch02A.html#Heading441";0
"SPD";7;"Specialty Description";;"ch02a.html#Heading432";0
"SPD";8;"Specialty Description";;"ch02a.html#Heading478";0
"SPD";9;"Specialty Description";;"ch02a.html#Heading451";0
"SPD";10;"SPD";;"ch02A.html#Heading720";0
"SPD";60;"Specialty Description";;"ch02A.html#Heading441";0
"SPD";61;"Specialty Description";;"ch02a.html#Heading441";0
"SPD";81;"Specialty Description";;"ch02a.html#Heading420";0
"SPD";91;"Specialty Description";;"ch02a.html#Heading451";0
"SPD";92;"Specialty Description";;"ch02a.html#Heading456";0
"SPS";4;"specimen source";;;0
"SPS";5;"specimen source";;;0
"SPS";6;"Specimen Source";;"ch02A.html#Heading447";0
"SPS";7;"Specimen Source";;"ch02a.html#Heading438";0
"SPS";60;"Specimen Source";;"ch02A.html#Heading447";0
"SPS";61;"Specimen Source";;"ch02a.html#Heading447";0
"SRT";5;"sort order";;;0
"SRT";6;"Sort Order";;"ch02A.html#Heading456";0
"SRT";7;"Sort Order";;"ch02a.html#Heading447";0
"SRT";8;"Sort Order";;"ch02a.html#Heading485";0
"SRT";9;"Sort Order";;"ch02a.html#Heading458";0
"SRT";10;"SRT";;"ch02A.html#Heading726";0
"SRT";60;"Sort Order";;"ch02A.html#Heading456";0
"SRT";61;"Sort Order";;"ch02a.html#Heading456";0
"SRT";81;"Sort Order";;"ch02a.html#Heading426";0
"SRT";91;"Sort Order";;"ch02a.html#Heading458";0
"SRT";92;"Sort Order";;"ch02a.html#Heading463";0
"ST";1;"STRING";0;;0
"ST";2;"STRING";0;;0
"ST";3;"STRING";;;0
"ST";4;"String";0;"ch2fin.html#Heading201";0
"ST";5;"String";;;0
"ST";6;"String Data";;"ch02A.html#Heading460";0
"ST";7;"String Data";;"ch02a.html#Heading451";0
"ST";8;"String Data";;"ch02a.html#Heading489";0
"ST";9;"String Data";;"ch02a.html#Heading462";0
"ST";10;"ST";;"ch02A.html#Heading729";0
"ST";20;"String";;;0
"ST";60;"String Data";;"ch02A.html#Heading460";0
"ST";61;"String Data";;"ch02a.html#Heading460";0
"ST";81;"String Data";;"ch02a.html#Heading429";0
"ST";91;"String Data";;"ch02a.html#Heading462";0
"ST";92;"String Data";;"ch02a.html#Heading467";0
"ST";540;"String";;;0
"ST";630;"String";;;0
"TM";1;"TIME";6;;0
"TM";2;"TIME";6;;0
"TM";3;"TIME";;;0
"TM";4;"Time";0;"ch2fin.html#Heading202";0
"TM";5;"Time";;;0
"TM";6;"Time";;"ch02A.html#Heading461";0
"TM";7;"Time";;"ch02a.html#Heading452";0
"TM";8;"Time";;"ch02a.html#Heading490";0
"TM";9;"Time";;"ch02a.html#Heading463";0
"TM";10;"TM";;"ch02A.html#Heading730";0
"TM";60;"Time";;"ch02A.html#Heading461";0
"TM";61;"Time";;"ch02a.html#Heading461";0
"TM";81;"Time";;"ch02a.html#Heading430";0
"TM";91;"Time";;"ch02a.html#Heading463";0
"TM";92;"Time";;"ch02a.html#Heading468";0
"TN";1;"TELEPHONE NUMBER";0;;0
"TN";2;"TELEPHONE NUMBER";0;;0
"TN";3;"TELEPHONE NUMBER";;;0
"TN";4;"Telephone number";0;"ch2fin.html#Heading203";0
"TN";5;"Telephone number";;;0
"TQ";2;"TIMING / QUANTITY";0;;0
"TQ";3;"TIMING / QUANTITY";;;0
"TQ";4;"Timing/quantity";0;"ch2fin.html#Heading204";0
"TQ";5;"Timing/quantity";;;0
"TQ";6;"Timing Quantity";;"ch02A.html#Heading462";0
"TQ";7;"Timing Quantity";;"ch02a.html#Heading453";0
"TQ";60;"Timing Quantity";;"ch02A.html#Heading462";0
"TQ";61;"Timing Quantity";;"ch02a.html#Heading462";0
"TS";1;"TIME STAMP";19;;0
"TS";2;"TIME STAMP";19;;0
"TS";3;"TIME STAMP";19;;0
"TS";4;"Time stamp";0;"ch2fin.html#Heading205";0
"TS";5;"Time stamp";;;0
"TS";6;"Time Stamp";;"ch02A.html#Heading476";0
"TS";7;"Time Stamp";;"ch02a.html#Heading467";0
"TS";20;"Timestamp";;;0
"TS";60;"Time Stamp";;"ch02A.html#Heading476";0
"TS";61;"Time Stamp";;"ch02a.html#Heading476";0
"TS";540;"Timestamp";;;0
"TS";630;"Timestamp";;;0
"TX";1;"TEXT";0;;0
"TX";2;"TEXT";0;;0
"TX";3;"TEXT";;;0
"TX";4;"Text data";0;"ch2fin.html#Heading206";0
"TX";5;"Text data";;;0
"TX";6;"Text Data";;"ch02A.html#Heading480";0
"TX";7;"Text Data";;"ch02a.html#Heading468";0
"TX";8;"Text Data";;"ch02a.html#Heading493";0
"TX";9;"Text Data";;"ch02a.html#Heading466";0
"TX";10;"TX";;"ch02A.html#Heading733";0
"TX";60;"Text Data";;"ch02A.html#Heading480";0
"TX";61;"Text Data";;"ch02a.html#Heading480";0
"TX";81;"Text Data";;"ch02a.html#Heading433";0
"TX";91;"Text Data";;"ch02a.html#Heading466";0
"TX";92;"Text Data";;"ch02a.html#Heading471";0
"UVC";4;"Value code and amount";;;0
"UVC";5;"Value code and amount";;;0
"UVC";6;"UB Value Code and Amount";;"ch02A.html#Heading481";0
"UVC";7;"UB Value Code and Amount";;"ch02a.html#Heading469";0
"UVC";8;"UB Value Code and Amount";;"ch02a.html#Heading494";0
"UVC";9;"UB Value Code and Amount";;"ch02a.html#Heading467";0
"UVC";10;"UVC";;"ch02A.html#Heading734";0
"UVC";60;"UB Value Code and Amount";;"ch02A.html#Heading481";0
"UVC";61;"UB Value Code and Amount";;"ch02a.html#Heading481";0
"UVC";81;"UB Value Code and Amount";;"ch02a.html#Heading434";0
"UVC";91;"UB Value Code and Amount";;"ch02a.html#Heading467";0
"UVC";92;"UB Value Code and Amount";;"ch02a.html#Heading472";0
"var";2;"varies";;;0
"var";3;"varies";;;0
"var";4;"varies";;;0
"var";5;"varies";;;0
"var";6;"varies";;;0
"var";7;"varies";;;0
"var";8;"varies";;;0
"var";9;"varies";;;0
"var";10;"varies";;;0
"var";60;"varies";;;0
"var";61;"varies";;;0
"var";81;"varies";;;0
"var";91;"varies";;;0
"var";92;"varies";;;0
"VH";3;"Visiting hours";;;0
"VH";4;"Visiting hours";0;"ch2fin.html#Heading207";0
"VH";5;"Visiting hours";;;0
"VH";6;"Visiting Hours";;"ch02A.html#Heading485";0
"VH";7;"Visiting Hours";;"ch02a.html#Heading473";0
"VH";8;"Visiting Hours";;"ch02a.html#Heading500";0
"VH";9;"Visiting Hours";;"ch02a.html#Heading473";0
"VH";10;"VH";;"ch02A.html#Heading739";0
"VH";60;"Visiting Hours";;"ch02A.html#Heading485";0
"VH";61;"Visiting Hours";;"ch02a.html#Heading485";0
"VH";81;"Visiting Hours";;"ch02a.html#Heading439";0
"VH";91;"Visiting Hours";;"ch02a.html#Heading473";0
"VH";92;"Visiting Hours";;"ch02a.html#Heading478";0
"VID";4;"Version identifier";0;"ch2fin.html#Heading212";0
"VID";5;"Version identifier";;;0
"VID";6;"Version Identifier";;"ch02A.html#Heading491";0
"VID";7;"Version Identifier";;"ch02a.html#Heading479";0
"VID";8;"Version Identifier";;"ch02a.html#Heading506";0
"VID";9;"Version Identifier";;"ch02a.html#Heading479";0
"VID";10;"VID";;"ch02A.html#Heading744";0
"VID";60;"Version Identifier";;"ch02A.html#Heading491";0
"VID";61;"Version Identifier";;"ch02a.html#Heading491";0
"VID";81;"Version Identifier";;"ch02a.html#Heading444";0
"VID";91;"Version Identifier";;"ch02a.html#Heading479";0
"VID";92;"Version Identifier";;"ch02a.html#Heading484";0
"VR";4;"value qualifier";;;0
"VR";5;"value qualifier";;;0
"VR";6;"Value Range";;"ch02A.html#Heading496";0
"VR";7;"Value Range";;"ch02a.html#Heading484";0
"VR";8;"Value Range";;"ch02a.html#Heading511";0
"VR";9;"Value Range";;"ch02a.html#Heading484";0
"VR";10;"VR";;"ch02A.html#Heading748";0
"VR";60;"Value Range";;"ch02A.html#Heading496";0
"VR";61;"Value Range";;"ch02a.html#Heading496";0
"VR";81;"Value Range";;"ch02a.html#Heading448";0
"VR";91;"Value Range";;"ch02a.html#Heading484";0
"VR";92;"Value Range";;"ch02a.html#Heading489";0
"WVI";4;"channel identifier";;;0
"WVI";5;"channel identifier";;;0
"WVI";6;"Channel Identifier";;"ch02A.html#Heading500";0
"WVI";7;"Channel Identifier";;"ch02a.html#Heading488";0
"WVI";8;"Channel Identifier";;"ch02a.html#Heading515";0
"WVI";9;"Channel Identifier";;"ch02a.html#Heading488";0
"WVI";10;"WVI";;"ch02A.html#Heading751";0
"WVI";60;"Channel Identifier";;"ch02A.html#Heading500";0
"WVI";61;"Channel Identifier";;"ch02a.html#Heading500";0
"WVI";81;"Channel Identifier";;"ch02a.html#Heading451";0
"WVI";91;"Channel Identifier";;"ch02a.html#Heading488";0
"WVI";92;"Channel Identifier";;"ch02a.html#Heading493";0
"WVS";4;"wavefrom source";;;0
"WVS";5;"waveform source";;;0
"WVS";6;"Waveform Source";;"ch02A.html#Heading504";0
"WVS";7;"Waveform Source";;"ch02a.html#Heading492";0
"WVS";8;"Waveform Source";;"ch02a.html#Heading519";0
"WVS";9;"Waveform Source";;"ch02a.html#Heading492";0
"WVS";10;"WVS";;"ch02A.html#Heading754";0
"WVS";60;"Waveform Source";;"ch02A.html#Heading504";0
"WVS";61;"Waveform Source";;"ch02a.html#Heading504";0
"WVS";81;"Waveform Source";;"ch02a.html#Heading454";0
"WVS";91;"Waveform Source";;"ch02a.html#Heading492";0
"WVS";92;"Waveform Source";;"ch02a.html#Heading497";0
"XAD";3;"extended address";0;;0
"XAD";4;"Extended address";0;"ch2fin.html#Heading216";0
"XAD";5;"Extended address";;;0
"XAD";6;"Extended Address";;"ch02A.html#Heading508";0
"XAD";7;"Extended Address";;"ch02a.html#Heading496";1
"XAD";8;"Extended Address";;"ch02a.html#Heading523";0
"XAD";9;"Extended Address";;"ch02a.html#Heading496";0
"XAD";10;"XAD";;"ch02A.html#Heading757";0
"XAD";20;"Address";;;0
"XAD";60;"Extended Address";;"ch02A.html#Heading508";0
"XAD";61;"Extended Address";;"ch02a.html#Heading508";0
"XAD";81;"Extended Address";;"ch02a.html#Heading457";0
"XAD";91;"Extended Address";;"ch02a.html#Heading496";0
"XAD";92;"Extended Address";;"ch02a.html#Heading501";0
"XAD";630;"Extended Address";;;0
"XCN";3;"extended composite ID number and name for persons";0;;0
"XCN";4;"Extended composite ID number and name";0;"ch2fin.html#Heading228";0
"XCN";5;"Extended composite ID number and name";;;0
"XCN";6;"Extended Composite ID Number and Name for Persons";;"ch02A.html#Heading524";0
"XCN";7;"Extended Composite ID Number and Name for Persons";;"ch02a.html#Heading521";0
"XCN";8;"Extended Composite ID Number and Name for Persons";;"ch02a.html#Heading548";0
"XCN";9;"Extended Composite ID Number and Name for Persons";;"ch02a.html#Heading521";0
"XCN";10;"XCN";;"ch02A.html#Heading781";0
"XCN";60;"Extended Composite ID Number and Name for Persons";;"ch02A.html#Heading524";0
"XCN";61;"Extended Composite ID Number and Name for Persons";;"ch02a.html#Heading524";0
"XCN";81;"Extended Composite ID Number and Name for Persons";;"ch02a.html#Heading481";0
"XCN";91;"Extended Composite ID Number and Name for Persons";;"ch02a.html#Heading521";0
"XCN";92;"Extended Composite ID Number and Name for Persons";;"ch02a.html#Heading526";0
"XCN";540;"Extended Composite ID Number and Name for Persons";;;0
"XON";3;"extended composite name and identification number for organizations";0;;0
"XON";4;"Extended composite name and ID number for organizations";0;"ch2fin.html#Heading246";0
"XON";5;"Extended composite name and ID number for organizations";;;0
"XON";6;"Extended Composite Name and Identification Number for Organizations";;"ch02A.html#Heading549";0
"XON";7;"Extended Composite Name and Identification Number for Organizations";;"ch02a.html#Heading546";0
"XON";8;"Extended Composite Name and Identification Number for Organizations";;"ch02a.html#Heading575";0
"XON";9;"Extended Composite Name and Identification Number for Organizations";;"ch02a.html#Heading548";0
"XON";10;"XON";;"ch02A.html#Heading807";0
"XON";60;"Extended Composite Name and Identification Number for Organizations";;"ch02A.html#Heading549";0
"XON";61;"Extended Composite Name and Identification Number for Organizations";;"ch02a.html#Heading549";0
"XON";81;"Extended Composite Name and Identification Number for Organizations";;"ch02a.html#Heading507";0
"XON";91;"Extended Composite Name and Identification Number for Organizations";;"ch02a.html#Heading548";0
"XON";92;"Extended Composite Name and Identification Number for Organizations";;"ch02a.html#Heading553";0
"XON";630;"Extended Composite Name and Identification Number for Organizations";;;0
"XPN";3;"extended person name";0;;0
"XPN";4;"Extended person name";0;"ch2fin.html#Heading256";0
"XPN";5;"Extended person name";;;0
"XPN";6;"Extended Person Name";;"ch02A.html#Heading561";0
"XPN";7;"Extended Person Name";;"ch02a.html#Heading558";1
"XPN";8;"Extended Person Name";;"ch02a.html#Heading587";0
"XPN";9;"Extended Person Name";;"ch02a.html#Heading560";0
"XPN";10;"XPN";;"ch02A.html#Heading818";0
"XPN";60;"Extended Person Name";;"ch02A.html#Heading561";0
"XPN";61;"Extended Person Name";;"ch02a.html#Heading561";0
"XPN";81;"Extended Person Name";;"ch02a.html#Heading518";0
"XPN";91;"Extended Person Name";;"ch02a.html#Heading560";0
"XPN";92;"Extended Person Name";;"ch02a.html#Heading565";0
"XTN";3;"Extended telecommunications number";;;0
"XTN";4;"Extended telecommunications number";0;"ch2fin.html#Heading267";0
"XTN";5;"Extended telecommunications number";;;0
"XTN";6;"Extended Telecommunication Number";;"ch02A.html#Heading577";0
"XTN";7;"Extended Telecommunication Number";;"ch02a.html#Heading574";1
"XTN";8;"Extended Telecommunication Number";;"ch02a.html#Heading604";0
"XTN";9;"Extended Telecommunication Number";;"ch02a.html#Heading577";0
"XTN";10;"XTN";;"ch02A.html#Heading834";0
"XTN";20;"Telefon";;;0
"XTN";60;"Extended Telecommunication Number";;"ch02A.html#Heading577";0
"XTN";61;"Extended Telecommunication Number";;"ch02a.html#Heading577";0
"XTN";81;"Extended Telecommunication Number";;"ch02a.html#Heading534";0
"XTN";91;"Extended Telecommunication Number";;"ch02a.html#Heading577";0
"XTN";92;"Extended Telecommunication Number";;"ch02a.html#Heading582";0
